{"X":2.5590385668292783E-13,"Y":0.0078125,"THETA":-1.5707963267948966,"outputImgTime":7.878468,"newImageTime":9.627732,"running":1}