{"X":4.146665490848571E-18,"Y":0.0078125,"THETA":-1.5707963267948966,"outputImgTime":68.890241,"newImageTime":64.895132,"running":1}