{"X":6.616460129904351E-21,"Y":0.0078125,"THETA":-1.5707963267948966,"outputImgTime":0.0,"newImageTime":31.567772,"running":1}